title,chunk_id,topic,confidence
Alexander Dobrindt · 120 Tage Schwarz-Rot,0,Government,0.998934567
Alexander Dobrindt · 120 Tage Schwarz-Rot,1,Government,0.9592605829
Alexander Dobrindt · 120 Tage Schwarz-Rot,2,Immigration,0.9992905855
Alexander Dobrindt · 120 Tage Schwarz-Rot,3,Immigration,0.9965626597
Alexander Dobrindt · 120 Tage Schwarz-Rot,4,Immigration,0.9969058633
Alexander Dobrindt · 120 Tage Schwarz-Rot,5,Macroeconomics,0.7354474664
Alexander Dobrindt · 120 Tage Schwarz-Rot,6,International,0.9782448411
Alexander Dobrindt · 120 Tage Schwarz-Rot,7,Government,0.9820247889
Alexander Dobrindt · 120 Tage Schwarz-Rot,8,Civil,0.9995310307
Alexander Dobrindt · 120 Tage Schwarz-Rot,9,Government,0.9932863116
Alexander Dobrindt · 120 Tage Schwarz-Rot,10,Macroeconomics,0.9755148292
Alexander Dobrindt · 120 Tage Schwarz-Rot,11,Macroeconomics,0.7214149833
Alexander Dobrindt · 120 Tage Schwarz-Rot,12,Government,0.8460358381
Alexander Dobrindt · 120 Tage Schwarz-Rot,13,Government,0.9966163039
Alexander Dobrindt · 120 Tage Schwarz-Rot,14,Government,0.9953298569
Alexander Dobrindt · 120 Tage Schwarz-Rot,15,Government,0.9987475872
Alexander Dobrindt · 120 Tage Schwarz-Rot,16,Macroeconomics,0.8829874992
Alexander Dobrindt · 120 Tage Schwarz-Rot,17,Macroeconomics,0.9969412684
Alexander Dobrindt · 120 Tage Schwarz-Rot,18,Macroeconomics,0.9983562827
Alexander Dobrindt · 120 Tage Schwarz-Rot,19,Social,0.9705011249
"Braucht Deutschland eine neue Außenpolitik, Herr Wadephul？",0,International,0.9994578958
"Braucht Deutschland eine neue Außenpolitik, Herr Wadephul？",1,International,0.9993076324
"Braucht Deutschland eine neue Außenpolitik, Herr Wadephul？",2,International,0.9987908006
"Braucht Deutschland eine neue Außenpolitik, Herr Wadephul？",3,International,0.9941898584
"Braucht Deutschland eine neue Außenpolitik, Herr Wadephul？",4,Government,0.9555661082
"Braucht Deutschland eine neue Außenpolitik, Herr Wadephul？",5,Defense,0.9995729327
"Braucht Deutschland eine neue Außenpolitik, Herr Wadephul？",6,Defense,0.5052836537
"Braucht Deutschland eine neue Außenpolitik, Herr Wadephul？",7,Defense,0.9992038608
"Braucht Deutschland eine neue Außenpolitik, Herr Wadephul？",8,Defense,0.9994248152
"Braucht Deutschland eine neue Außenpolitik, Herr Wadephul？",9,International,0.9926171899
"Braucht Deutschland eine neue Außenpolitik, Herr Wadephul？",10,Defense,0.9995846152
"Braucht Deutschland eine neue Außenpolitik, Herr Wadephul？",11,Defense,0.9994581342
"Braucht Deutschland eine neue Außenpolitik, Herr Wadephul？",12,Defense,0.9995429516
"Braucht Deutschland eine neue Außenpolitik, Herr Wadephul？",13,Defense,0.9926848412
"Braucht Deutschland eine neue Außenpolitik, Herr Wadephul？",14,International,0.999442637
"Braucht Deutschland eine neue Außenpolitik, Herr Wadephul？",15,International,0.9994018078
"Braucht Deutschland eine neue Außenpolitik, Herr Wadephul？",16,International,0.9993575215
"Braucht Deutschland eine neue Außenpolitik, Herr Wadephul？",17,International,0.9995030165
"Braucht Deutschland eine neue Außenpolitik, Herr Wadephul？",18,International,0.9994080067
"Braucht Deutschland eine neue Außenpolitik, Herr Wadephul？",19,International,0.999435842
"Braucht Deutschland eine neue Außenpolitik, Herr Wadephul？",20,International,0.9983609319
"Braucht Deutschland eine neue Außenpolitik, Herr Wadephul？",21,International,0.9993846416
"Braucht Deutschland eine neue Außenpolitik, Herr Wadephul？",22,International,0.9993724227
Eklat zwischen Trump und Selenskyj： Steht Europa allein？,0,International,0.9961919785
Eklat zwischen Trump und Selenskyj： Steht Europa allein？,1,International,0.7608013153
Eklat zwischen Trump und Selenskyj： Steht Europa allein？,2,International,0.9440850019
Eklat zwischen Trump und Selenskyj： Steht Europa allein？,3,International,0.9961861968
Eklat zwischen Trump und Selenskyj： Steht Europa allein？,4,International,0.9983964562
Eklat zwischen Trump und Selenskyj： Steht Europa allein？,5,International,0.9992121458
Eklat zwischen Trump und Selenskyj： Steht Europa allein？,6,Defense,0.5250040293
Eklat zwischen Trump und Selenskyj： Steht Europa allein？,7,International,0.996906817
Eklat zwischen Trump und Selenskyj： Steht Europa allein？,8,International,0.998975873
Eklat zwischen Trump und Selenskyj： Steht Europa allein？,9,International,0.9984062314
Eklat zwischen Trump und Selenskyj： Steht Europa allein？,10,Defense,0.9994909763
Eklat zwischen Trump und Selenskyj： Steht Europa allein？,11,Defense,0.9758443832
Eklat zwischen Trump und Selenskyj： Steht Europa allein？,12,International,0.9475033283
Eklat zwischen Trump und Selenskyj： Steht Europa allein？,13,International,0.9969807267
Eklat zwischen Trump und Selenskyj： Steht Europa allein？,14,International,0.9925320745
Eklat zwischen Trump und Selenskyj： Steht Europa allein？,15,Government,0.9833323956
Eklat zwischen Trump und Selenskyj： Steht Europa allein？,16,Defense,0.9756315351
Eklat zwischen Trump und Selenskyj： Steht Europa allein？,17,Defense,0.9903020263
Eklat zwischen Trump und Selenskyj： Steht Europa allein？,18,Defense,0.9102959037
Europa nach der Sicherheitskonferenz · bedingt abwehrbereit？,0,International,0.9965673685
Europa nach der Sicherheitskonferenz · bedingt abwehrbereit？,1,International,0.9988823533
Europa nach der Sicherheitskonferenz · bedingt abwehrbereit？,2,International,0.9952705503
Europa nach der Sicherheitskonferenz · bedingt abwehrbereit？,3,Civil,0.946639061
Europa nach der Sicherheitskonferenz · bedingt abwehrbereit？,4,International,0.9966853261
Europa nach der Sicherheitskonferenz · bedingt abwehrbereit？,5,International,0.9979661703
Europa nach der Sicherheitskonferenz · bedingt abwehrbereit？,6,Government,0.8499847054
Europa nach der Sicherheitskonferenz · bedingt abwehrbereit？,7,Immigration,0.994017601
Europa nach der Sicherheitskonferenz · bedingt abwehrbereit？,8,Macroeconomics,0.8002555966
Europa nach der Sicherheitskonferenz · bedingt abwehrbereit？,9,Macroeconomics,0.9974370003
Europa nach der Sicherheitskonferenz · bedingt abwehrbereit？,10,Defense,0.9994567037
Europa nach der Sicherheitskonferenz · bedingt abwehrbereit？,11,Defense,0.9994643331
Europa nach der Sicherheitskonferenz · bedingt abwehrbereit？,12,Defense,0.999330759
Europa nach der Sicherheitskonferenz · bedingt abwehrbereit？,13,Defense,0.9992855191
Europa nach der Sicherheitskonferenz · bedingt abwehrbereit？,14,Defense,0.9994113445
Europa nach der Sicherheitskonferenz · bedingt abwehrbereit？,15,Defense,0.9994833469
Europa nach der Sicherheitskonferenz · bedingt abwehrbereit？,16,Defense,0.9986409545
Europa nach der Sicherheitskonferenz · bedingt abwehrbereit？,17,Defense,0.9106087685
Europa nach der Sicherheitskonferenz · bedingt abwehrbereit？,18,Technology,0.9314799905
"Geht so Ihr Politikwechsel, Herr Merz？",0,Social,0.9903370142
"Geht so Ihr Politikwechsel, Herr Merz？",1,Macroeconomics,0.9744536877
"Geht so Ihr Politikwechsel, Herr Merz？",2,Government,0.9995422363
"Geht so Ihr Politikwechsel, Herr Merz？",3,Government,0.9953039885
"Geht so Ihr Politikwechsel, Herr Merz？",4,International,0.8733552694
"Geht so Ihr Politikwechsel, Herr Merz？",5,International,0.996658802
"Geht so Ihr Politikwechsel, Herr Merz？",6,International,0.9971850514
"Geht so Ihr Politikwechsel, Herr Merz？",7,Immigration,0.9993875027
"Geht so Ihr Politikwechsel, Herr Merz？",8,Domestic,0.9959999323
"Geht so Ihr Politikwechsel, Herr Merz？",9,Domestic,0.998724401
"Geht so Ihr Politikwechsel, Herr Merz？",10,Macroeconomics,0.9973843694
"Geht so Ihr Politikwechsel, Herr Merz？",11,Macroeconomics,0.9978557229
"Geht so Ihr Politikwechsel, Herr Merz？",12,Macroeconomics,0.9985646605
"Geht so Ihr Politikwechsel, Herr Merz？",13,Social,0.9653238058
"Geht so Ihr Politikwechsel, Herr Merz？",14,Government,0.9990108013
"Geht so Ihr Politikwechsel, Herr Merz？",15,Energy,0.9873299599
"Geht so Ihr Politikwechsel, Herr Merz？",16,Social,0.7828453779
"Geht so Ihr Politikwechsel, Herr Merz？",17,Social,0.998705864
"Geht so Ihr Politikwechsel, Herr Merz？",18,Social,0.7046456933
"Geht so Ihr Politikwechsel, Herr Merz？",19,Government,0.9973651767
"Geht so Ihr Politikwechsel, Herr Merz？",20,International,0.9984005094
"Geht so Ihr Politikwechsel, Herr Merz？",21,International,0.9990438819
"Geht so Ihr Politikwechsel, Herr Merz？",22,International,0.9935774207
"Geht so Ihr Politikwechsel, Herr Merz？",23,International,0.9988590479
"Ist Trump ein Vorbild für Deutschland, Herr Chrupalla？",0,Government,0.9977381229
"Ist Trump ein Vorbild für Deutschland, Herr Chrupalla？",1,Government,0.9980948567
"Ist Trump ein Vorbild für Deutschland, Herr Chrupalla？",2,Government,0.9988096952
"Ist Trump ein Vorbild für Deutschland, Herr Chrupalla？",3,Government,0.99544698
"Ist Trump ein Vorbild für Deutschland, Herr Chrupalla？",4,International,0.9851102829
"Ist Trump ein Vorbild für Deutschland, Herr Chrupalla？",5,Government,0.9817727208
"Ist Trump ein Vorbild für Deutschland, Herr Chrupalla？",6,Defense,0.9994322658
"Ist Trump ein Vorbild für Deutschland, Herr Chrupalla？",7,Defense,0.9975609779
"Ist Trump ein Vorbild für Deutschland, Herr Chrupalla？",8,Defense,0.9994196892
"Ist Trump ein Vorbild für Deutschland, Herr Chrupalla？",9,Defense,0.9959688187
"Ist Trump ein Vorbild für Deutschland, Herr Chrupalla？",10,Defense,0.9487164617
"Ist Trump ein Vorbild für Deutschland, Herr Chrupalla？",11,International,0.6269634366
"Ist Trump ein Vorbild für Deutschland, Herr Chrupalla？",12,Domestic,0.9992921352
"Ist Trump ein Vorbild für Deutschland, Herr Chrupalla？",13,Domestic,0.7992336154
"Ist Trump ein Vorbild für Deutschland, Herr Chrupalla？",14,International,0.8035302758
"Ist Trump ein Vorbild für Deutschland, Herr Chrupalla？",15,Agriculture,0.9979518056
"Ist Trump ein Vorbild für Deutschland, Herr Chrupalla？",16,International,0.5578463078
"Ist Trump ein Vorbild für Deutschland, Herr Chrupalla？",17,Foreign,0.997751534
"Ist Trump ein Vorbild für Deutschland, Herr Chrupalla？",18,Government,0.4169125855
"Ist auf Trumps Amerika noch Verlass, Herr Klingbeil？",0,Government,0.7556656003
"Ist auf Trumps Amerika noch Verlass, Herr Klingbeil？",1,Government,0.9973449111
"Ist auf Trumps Amerika noch Verlass, Herr Klingbeil？",2,Government,0.9990282059
"Ist auf Trumps Amerika noch Verlass, Herr Klingbeil？",3,Government,0.9978225231
"Ist auf Trumps Amerika noch Verlass, Herr Klingbeil？",4,Government,0.6586712599
"Ist auf Trumps Amerika noch Verlass, Herr Klingbeil？",5,Macroeconomics,0.980840981
"Ist auf Trumps Amerika noch Verlass, Herr Klingbeil？",6,International,0.9972221851
"Ist auf Trumps Amerika noch Verlass, Herr Klingbeil？",7,International,0.9975140095
"Ist auf Trumps Amerika noch Verlass, Herr Klingbeil？",8,International,0.9988763928
"Ist auf Trumps Amerika noch Verlass, Herr Klingbeil？",9,International,0.9985743761
"Ist auf Trumps Amerika noch Verlass, Herr Klingbeil？",10,Defense,0.9992670417
"Ist auf Trumps Amerika noch Verlass, Herr Klingbeil？",11,Defense,0.9985855818
"Ist auf Trumps Amerika noch Verlass, Herr Klingbeil？",12,Defense,0.9988971949
"Ist auf Trumps Amerika noch Verlass, Herr Klingbeil？",13,International,0.9985103011
"Ist auf Trumps Amerika noch Verlass, Herr Klingbeil？",14,Defense,0.987672627
"Ist auf Trumps Amerika noch Verlass, Herr Klingbeil？",15,Government,0.9455910921
"Ist auf Trumps Amerika noch Verlass, Herr Klingbeil？",16,Government,0.7512382269
"Ist auf Trumps Amerika noch Verlass, Herr Klingbeil？",17,International,0.6595413089
Krieg in Nahost · Stürzt jetzt das Regime im Iran？,0,International,0.9991905093
Krieg in Nahost · Stürzt jetzt das Regime im Iran？,1,International,0.9993195534
Krieg in Nahost · Stürzt jetzt das Regime im Iran？,2,International,0.9992067218
Krieg in Nahost · Stürzt jetzt das Regime im Iran？,3,Government,0.52967906
Krieg in Nahost · Stürzt jetzt das Regime im Iran？,4,Defense,0.9477379918
Krieg in Nahost · Stürzt jetzt das Regime im Iran？,5,International,0.9993306398
Krieg in Nahost · Stürzt jetzt das Regime im Iran？,6,International,0.9910146594
Krieg in Nahost · Stürzt jetzt das Regime im Iran？,7,Defense,0.4304699302
Krieg in Nahost · Stürzt jetzt das Regime im Iran？,8,International,0.9991438389
Krieg in Nahost · Stürzt jetzt das Regime im Iran？,9,International,0.9992774129
Krieg in Nahost · Stürzt jetzt das Regime im Iran？,10,Defense,0.8552281857
Krieg in Nahost · Stürzt jetzt das Regime im Iran？,11,International,0.9981480837
Krieg in Nahost · Stürzt jetzt das Regime im Iran？,12,International,0.9993821383
Krieg in Nahost · Stürzt jetzt das Regime im Iran？,13,International,0.9993469119
Krieg in Nahost · Stürzt jetzt das Regime im Iran？,14,International,0.9993585944
Krieg in Nahost · Stürzt jetzt das Regime im Iran？,15,International,0.9988164902
Krieg in Nahost · Stürzt jetzt das Regime im Iran？,16,International,0.9927616715
Krieg in Nahost · Stürzt jetzt das Regime im Iran？,17,International,0.9992060065
Krieg in Nahost · Stürzt jetzt das Regime im Iran？,18,International,0.9995036125
Krieg in Nahost · Stürzt jetzt das Regime im Iran？,19,International,0.9993247986
Krieg in Nahost · Stürzt jetzt das Regime im Iran？,20,Government,0.7081774473
Krieg in Nahost · Stürzt jetzt das Regime im Iran？,21,International,0.9988741279
Müssen wir für unseren Wohlstand mehr arbeiten？,0,Macroeconomics,0.992064774
Müssen wir für unseren Wohlstand mehr arbeiten？,1,Government,0.9991372228
Müssen wir für unseren Wohlstand mehr arbeiten？,2,Government,0.9993593097
Müssen wir für unseren Wohlstand mehr arbeiten？,3,Government,0.9988176227
Müssen wir für unseren Wohlstand mehr arbeiten？,4,Government,0.6219590306
Müssen wir für unseren Wohlstand mehr arbeiten？,5,Civil,0.9881843328
Müssen wir für unseren Wohlstand mehr arbeiten？,6,Government,0.9953142405
Müssen wir für unseren Wohlstand mehr arbeiten？,7,Civil,0.7099249959
Müssen wir für unseren Wohlstand mehr arbeiten？,8,Labor,0.9934359789
Müssen wir für unseren Wohlstand mehr arbeiten？,9,Labor,0.9991177917
Müssen wir für unseren Wohlstand mehr arbeiten？,10,Labor,0.9118887782
Müssen wir für unseren Wohlstand mehr arbeiten？,11,Labor,0.9983698726
Müssen wir für unseren Wohlstand mehr arbeiten？,12,Social,0.9977558255
Müssen wir für unseren Wohlstand mehr arbeiten？,13,Social,0.9971274734
Müssen wir für unseren Wohlstand mehr arbeiten？,14,Labor,0.7265460491
Müssen wir für unseren Wohlstand mehr arbeiten？,15,Labor,0.9991409779
Müssen wir für unseren Wohlstand mehr arbeiten？,16,Labor,0.9157187343
Müssen wir für unseren Wohlstand mehr arbeiten？,17,Labor,0.9989664555
Müssen wir für unseren Wohlstand mehr arbeiten？,18,Labor,0.9909781218
Müssen wir für unseren Wohlstand mehr arbeiten？,19,Macroeconomics,0.9986314178
Müssen wir für unseren Wohlstand mehr arbeiten？,20,Domestic,0.9488359094
Müssen wir für unseren Wohlstand mehr arbeiten？,21,Social,0.9985067248
Müssen wir für unseren Wohlstand mehr arbeiten？,22,Government,0.9996452332
Müssen wir für unseren Wohlstand mehr arbeiten？,23,Social,0.9985032082
"Müssen wir uns für Krieg rüsten, um Frieden zu sichern？",0,Defense,0.8312193155
"Müssen wir uns für Krieg rüsten, um Frieden zu sichern？",1,International,0.9640903473
"Müssen wir uns für Krieg rüsten, um Frieden zu sichern？",2,International,0.8240837455
"Müssen wir uns für Krieg rüsten, um Frieden zu sichern？",3,International,0.9944933653
"Müssen wir uns für Krieg rüsten, um Frieden zu sichern？",4,International,0.9985717535
"Müssen wir uns für Krieg rüsten, um Frieden zu sichern？",5,International,0.9986825585
"Müssen wir uns für Krieg rüsten, um Frieden zu sichern？",6,Defense,0.999245286
"Müssen wir uns für Krieg rüsten, um Frieden zu sichern？",7,Civil,0.8525134325
"Müssen wir uns für Krieg rüsten, um Frieden zu sichern？",8,Defense,0.6112933159
"Müssen wir uns für Krieg rüsten, um Frieden zu sichern？",9,Defense,0.9989768267
"Müssen wir uns für Krieg rüsten, um Frieden zu sichern？",10,Civil,0.7165058255
"Müssen wir uns für Krieg rüsten, um Frieden zu sichern？",11,Defense,0.9995631576
"Müssen wir uns für Krieg rüsten, um Frieden zu sichern？",12,Defense,0.9995762706
"Müssen wir uns für Krieg rüsten, um Frieden zu sichern？",13,Defense,0.9961866736
"Müssen wir uns für Krieg rüsten, um Frieden zu sichern？",14,Defense,0.8874433637
"Müssen wir uns für Krieg rüsten, um Frieden zu sichern？",15,Defense,0.8221920133
"Müssen wir uns für Krieg rüsten, um Frieden zu sichern？",16,Defense,0.9993773103
"Müssen wir uns für Krieg rüsten, um Frieden zu sichern？",17,Defense,0.869443655
"Müssen wir uns für Krieg rüsten, um Frieden zu sichern？",18,Defense,0.9995700717
"Müssen wir uns für Krieg rüsten, um Frieden zu sichern？",19,International,0.9971350431
"Nach dem Rentenstreit · schafft die Regierung den Aufschwung, Herr Söder？",0,Government,0.9451881051
"Nach dem Rentenstreit · schafft die Regierung den Aufschwung, Herr Söder？",1,Civil,0.4989200234
"Nach dem Rentenstreit · schafft die Regierung den Aufschwung, Herr Söder？",2,Government,0.998219192
"Nach dem Rentenstreit · schafft die Regierung den Aufschwung, Herr Söder？",3,Labor,0.8191646934
"Nach dem Rentenstreit · schafft die Regierung den Aufschwung, Herr Söder？",4,Social,0.9985440969
"Nach dem Rentenstreit · schafft die Regierung den Aufschwung, Herr Söder？",5,Labor,0.7881492972
"Nach dem Rentenstreit · schafft die Regierung den Aufschwung, Herr Söder？",6,Government,0.9561527371
"Nach dem Rentenstreit · schafft die Regierung den Aufschwung, Herr Söder？",7,Government,0.9877699614
"Nach dem Rentenstreit · schafft die Regierung den Aufschwung, Herr Söder？",8,Government,0.9980023503
"Nach dem Rentenstreit · schafft die Regierung den Aufschwung, Herr Söder？",9,Domestic,0.9506163001
"Nach dem Rentenstreit · schafft die Regierung den Aufschwung, Herr Söder？",10,Domestic,0.8708606362
"Nach dem Rentenstreit · schafft die Regierung den Aufschwung, Herr Söder？",11,Government,0.9778564572
"Nach dem Rentenstreit · schafft die Regierung den Aufschwung, Herr Söder？",12,Macroeconomics,0.9251368642
"Nach dem Rentenstreit · schafft die Regierung den Aufschwung, Herr Söder？",13,Housing,0.4077219963
"Nach dem Rentenstreit · schafft die Regierung den Aufschwung, Herr Söder？",14,Domestic,0.9744610786
"Nach dem Rentenstreit · schafft die Regierung den Aufschwung, Herr Söder？",15,Environment,0.7687255144
"Nach dem Rentenstreit · schafft die Regierung den Aufschwung, Herr Söder？",16,Government,0.9295424819
"Nach dem Rentenstreit · schafft die Regierung den Aufschwung, Herr Söder？",17,Macroeconomics,0.9237208962
"Nach dem Rentenstreit · schafft die Regierung den Aufschwung, Herr Söder？",18,Agriculture,0.9881975055
"Nach dem Rentenstreit · schafft die Regierung den Aufschwung, Herr Söder？",19,Government,0.7354483604
Nahost und Ukraine： Wie wirksam ist die Methode Trump？,0,International,0.9994401336
Nahost und Ukraine： Wie wirksam ist die Methode Trump？,1,International,0.9992406368
Nahost und Ukraine： Wie wirksam ist die Methode Trump？,2,International,0.9992377758
Nahost und Ukraine： Wie wirksam ist die Methode Trump？,3,International,0.998423934
Nahost und Ukraine： Wie wirksam ist die Methode Trump？,4,International,0.9980561733
Nahost und Ukraine： Wie wirksam ist die Methode Trump？,5,International,0.9932831526
Nahost und Ukraine： Wie wirksam ist die Methode Trump？,6,International,0.9994082451
Nahost und Ukraine： Wie wirksam ist die Methode Trump？,7,International,0.9992029071
Nahost und Ukraine： Wie wirksam ist die Methode Trump？,8,International,0.9993880987
Nahost und Ukraine： Wie wirksam ist die Methode Trump？,9,International,0.9993427396
Nahost und Ukraine： Wie wirksam ist die Methode Trump？,10,International,0.9992691875
Nahost und Ukraine： Wie wirksam ist die Methode Trump？,11,International,0.9988640547
Nahost und Ukraine： Wie wirksam ist die Methode Trump？,12,International,0.9991237521
Nahost und Ukraine： Wie wirksam ist die Methode Trump？,13,International,0.9987031221
Nahost und Ukraine： Wie wirksam ist die Methode Trump？,14,International,0.9990521073
Nahost und Ukraine： Wie wirksam ist die Methode Trump？,15,International,0.9985181689
Nahost und Ukraine： Wie wirksam ist die Methode Trump？,16,International,0.9498375654
Nahost und Ukraine： Wie wirksam ist die Methode Trump？,17,International,0.9994039536
Nahost und Ukraine： Wie wirksam ist die Methode Trump？,18,International,0.7360023856
Nahost und Ukraine： Wie wirksam ist die Methode Trump？,19,Defense,0.996884048
Nahost und Ukraine： Wie wirksam ist die Methode Trump？,20,International,0.9992871881
Putin versetzt Selenskyj – und Europa schaut zu？,0,International,0.9994027615
Putin versetzt Selenskyj – und Europa schaut zu？,1,International,0.9994052649
Putin versetzt Selenskyj – und Europa schaut zu？,2,Defense,0.7842089534
Putin versetzt Selenskyj – und Europa schaut zu？,3,International,0.9991583824
Putin versetzt Selenskyj – und Europa schaut zu？,4,International,0.9651218057
Putin versetzt Selenskyj – und Europa schaut zu？,5,International,0.9964364767
Putin versetzt Selenskyj – und Europa schaut zu？,6,International,0.9786109328
Putin versetzt Selenskyj – und Europa schaut zu？,7,International,0.993108511
Putin versetzt Selenskyj – und Europa schaut zu？,8,International,0.9984910488
Putin versetzt Selenskyj – und Europa schaut zu？,9,International,0.9989905953
Putin versetzt Selenskyj – und Europa schaut zu？,10,International,0.9987735152
Putin versetzt Selenskyj – und Europa schaut zu？,11,International,0.9989252687
Putin versetzt Selenskyj – und Europa schaut zu？,12,International,0.9922641516
Putin versetzt Selenskyj – und Europa schaut zu？,13,Defense,0.678981483
Putin versetzt Selenskyj – und Europa schaut zu？,14,International,0.9961839318
Putin versetzt Selenskyj – und Europa schaut zu？,15,International,0.9977315068
Putin versetzt Selenskyj – und Europa schaut zu？,16,International,0.9995018244
Putin versetzt Selenskyj – und Europa schaut zu？,17,International,0.9990178347
Putin versetzt Selenskyj – und Europa schaut zu？,18,International,0.9995013475
Putin versetzt Selenskyj – und Europa schaut zu？,19,International,0.9982197881
Putin versetzt Selenskyj – und Europa schaut zu？,20,International,0.9994308352
Putin versetzt Selenskyj – und Europa schaut zu？,21,International,0.999363482
Putins Krieg und Trumps Erpressung · Wie kann sich Europa behaupten？,0,International,0.9974994063
Putins Krieg und Trumps Erpressung · Wie kann sich Europa behaupten？,1,Defense,0.9981428385
Putins Krieg und Trumps Erpressung · Wie kann sich Europa behaupten？,2,Defense,0.9995877147
Putins Krieg und Trumps Erpressung · Wie kann sich Europa behaupten？,3,Defense,0.9981282353
Putins Krieg und Trumps Erpressung · Wie kann sich Europa behaupten？,4,Defense,0.9992212057
Putins Krieg und Trumps Erpressung · Wie kann sich Europa behaupten？,5,Defense,0.9990975857
Putins Krieg und Trumps Erpressung · Wie kann sich Europa behaupten？,6,Defense,0.9995005131
Putins Krieg und Trumps Erpressung · Wie kann sich Europa behaupten？,7,Defense,0.9957227707
Putins Krieg und Trumps Erpressung · Wie kann sich Europa behaupten？,8,Defense,0.9981744289
Putins Krieg und Trumps Erpressung · Wie kann sich Europa behaupten？,9,International,0.9964612126
Putins Krieg und Trumps Erpressung · Wie kann sich Europa behaupten？,10,International,0.9993334413
Putins Krieg und Trumps Erpressung · Wie kann sich Europa behaupten？,11,International,0.9994100332
Putins Krieg und Trumps Erpressung · Wie kann sich Europa behaupten？,12,International,0.9039064646
Putins Krieg und Trumps Erpressung · Wie kann sich Europa behaupten？,13,International,0.9989689589
Putins Krieg und Trumps Erpressung · Wie kann sich Europa behaupten？,14,International,0.9981791973
Putins Krieg und Trumps Erpressung · Wie kann sich Europa behaupten？,15,Defense,0.998668313
Putins Krieg und Trumps Erpressung · Wie kann sich Europa behaupten？,16,Defense,0.9810622334
Putins Krieg und Trumps Erpressung · Wie kann sich Europa behaupten？,17,Foreign,0.9891070724
Putins Krieg und Trumps Erpressung · Wie kann sich Europa behaupten？,18,International,0.988727212
Putins Krieg und Trumps Erpressung · Wie kann sich Europa behaupten？,19,International,0.9974061847
Putins Krieg und Trumps Erpressung · Wie kann sich Europa behaupten？,20,Defense,0.7178488374
Putins Krieg und Trumps Erpressung · Wie kann sich Europa behaupten？,21,Defense,0.9116719365
"Schadet linke Politik unserem Wohlstand, Frau Reichinnek？",0,Government,0.9474642873
"Schadet linke Politik unserem Wohlstand, Frau Reichinnek？",1,Government,0.9978350997
"Schadet linke Politik unserem Wohlstand, Frau Reichinnek？",2,Social,0.9715824723
"Schadet linke Politik unserem Wohlstand, Frau Reichinnek？",3,Domestic,0.9991261363
"Schadet linke Politik unserem Wohlstand, Frau Reichinnek？",4,Government,0.467335254
"Schadet linke Politik unserem Wohlstand, Frau Reichinnek？",5,Civil,0.99881953
"Schadet linke Politik unserem Wohlstand, Frau Reichinnek？",6,Civil,0.9994003773
"Schadet linke Politik unserem Wohlstand, Frau Reichinnek？",7,Defense,0.5578486919
"Schadet linke Politik unserem Wohlstand, Frau Reichinnek？",8,International,0.9942290783
"Schadet linke Politik unserem Wohlstand, Frau Reichinnek？",9,International,0.9882254601
"Schadet linke Politik unserem Wohlstand, Frau Reichinnek？",10,Domestic,0.9992997646
"Schadet linke Politik unserem Wohlstand, Frau Reichinnek？",11,Macroeconomics,0.7762033939
"Schadet linke Politik unserem Wohlstand, Frau Reichinnek？",12,Macroeconomics,0.9978920817
"Schadet linke Politik unserem Wohlstand, Frau Reichinnek？",13,Macroeconomics,0.9959967136
"Schadet linke Politik unserem Wohlstand, Frau Reichinnek？",14,Macroeconomics,0.9960125685
"Schadet linke Politik unserem Wohlstand, Frau Reichinnek？",15,Government,0.9977931976
"Schadet linke Politik unserem Wohlstand, Frau Reichinnek？",16,Domestic,0.8316604495
"Schadet linke Politik unserem Wohlstand, Frau Reichinnek？",17,Domestic,0.7229439616
"Schadet linke Politik unserem Wohlstand, Frau Reichinnek？",18,Domestic,0.9860987663
"Schadet linke Politik unserem Wohlstand, Frau Reichinnek？",19,Domestic,0.9984387755
"Schadet linke Politik unserem Wohlstand, Frau Reichinnek？",20,Domestic,0.9992449284
"Schadet linke Politik unserem Wohlstand, Frau Reichinnek？",21,Government,0.8955688477
"Schadet linke Politik unserem Wohlstand, Frau Reichinnek？",22,Government,0.9984636307
"Schadet linke Politik unserem Wohlstand, Frau Reichinnek？",23,Government,0.9597928524
"Steht die Mehrheit für das Rentenpaket, Herr Spahn？",0,Social,0.9982861876
"Steht die Mehrheit für das Rentenpaket, Herr Spahn？",1,Social,0.9988565445
"Steht die Mehrheit für das Rentenpaket, Herr Spahn？",2,Social,0.9187254906
"Steht die Mehrheit für das Rentenpaket, Herr Spahn？",3,Social,0.8158677816
"Steht die Mehrheit für das Rentenpaket, Herr Spahn？",4,Government,0.9978045821
"Steht die Mehrheit für das Rentenpaket, Herr Spahn？",5,Government,0.9970504045
"Steht die Mehrheit für das Rentenpaket, Herr Spahn？",6,Government,0.9993597865
"Steht die Mehrheit für das Rentenpaket, Herr Spahn？",7,Government,0.9905028343
"Steht die Mehrheit für das Rentenpaket, Herr Spahn？",8,Macroeconomics,0.9956991673
"Steht die Mehrheit für das Rentenpaket, Herr Spahn？",9,Macroeconomics,0.6141347885
"Steht die Mehrheit für das Rentenpaket, Herr Spahn？",10,Macroeconomics,0.9979669452
"Steht die Mehrheit für das Rentenpaket, Herr Spahn？",11,Macroeconomics,0.9606647491
"Steht die Mehrheit für das Rentenpaket, Herr Spahn？",12,Macroeconomics,0.9036189914
"Steht die Mehrheit für das Rentenpaket, Herr Spahn？",13,Social,0.9903221726
"Steht die Mehrheit für das Rentenpaket, Herr Spahn？",14,Social,0.9857646823
"Steht die Mehrheit für das Rentenpaket, Herr Spahn？",15,Social,0.9902750254
"Steht die Mehrheit für das Rentenpaket, Herr Spahn？",16,Social,0.9954984188
"Steht die Mehrheit für das Rentenpaket, Herr Spahn？",17,Government,0.9988595247
"Steht die Mehrheit für das Rentenpaket, Herr Spahn？",18,Macroeconomics,0.9798339009
"Steht die Mehrheit für das Rentenpaket, Herr Spahn？",19,International,0.8292297125
Stellenabbau und Handelskrieg： Ist unsere Autoindustrie noch zu retten？,0,Domestic,0.6940646172
Stellenabbau und Handelskrieg： Ist unsere Autoindustrie noch zu retten？,1,Immigration,0.974932313
Stellenabbau und Handelskrieg： Ist unsere Autoindustrie noch zu retten？,2,Immigration,0.9886880517
Stellenabbau und Handelskrieg： Ist unsere Autoindustrie noch zu retten？,3,Civil,0.5948236585
Stellenabbau und Handelskrieg： Ist unsere Autoindustrie noch zu retten？,4,Civil,0.9961828589
Stellenabbau und Handelskrieg： Ist unsere Autoindustrie noch zu retten？,5,Government,0.9307236671
Stellenabbau und Handelskrieg： Ist unsere Autoindustrie noch zu retten？,6,Government,0.9968796968
Stellenabbau und Handelskrieg： Ist unsere Autoindustrie noch zu retten？,7,Government,0.9968872666
Stellenabbau und Handelskrieg： Ist unsere Autoindustrie noch zu retten？,8,Government,0.9995423555
Stellenabbau und Handelskrieg： Ist unsere Autoindustrie noch zu retten？,9,Transportation,0.9795284271
Stellenabbau und Handelskrieg： Ist unsere Autoindustrie noch zu retten？,10,Domestic,0.9819641113
Stellenabbau und Handelskrieg： Ist unsere Autoindustrie noch zu retten？,11,Transportation,0.6896286011
Stellenabbau und Handelskrieg： Ist unsere Autoindustrie noch zu retten？,12,Domestic,0.7569171786
Stellenabbau und Handelskrieg： Ist unsere Autoindustrie noch zu retten？,13,Domestic,0.6329975128
Stellenabbau und Handelskrieg： Ist unsere Autoindustrie noch zu retten？,14,Foreign,0.9961473942
Stellenabbau und Handelskrieg： Ist unsere Autoindustrie noch zu retten？,15,Domestic,0.7589856982
Stellenabbau und Handelskrieg： Ist unsere Autoindustrie noch zu retten？,16,Foreign,0.9981167316
Stellenabbau und Handelskrieg： Ist unsere Autoindustrie noch zu retten？,17,Domestic,0.9799337387
Stellenabbau und Handelskrieg： Ist unsere Autoindustrie noch zu retten？,18,Transportation,0.734352529
Stellenabbau und Handelskrieg： Ist unsere Autoindustrie noch zu retten？,19,Environment,0.9845742583
Stellenabbau und Handelskrieg： Ist unsere Autoindustrie noch zu retten？,20,Environment,0.9694408178
Stellenabbau und Handelskrieg： Ist unsere Autoindustrie noch zu retten？,21,Domestic,0.997997582
Trump droht Iran · Stürzt das Regime？,0,International,0.9976118803
Trump droht Iran · Stürzt das Regime？,1,International,0.9981947541
Trump droht Iran · Stürzt das Regime？,2,International,0.9993898869
Trump droht Iran · Stürzt das Regime？,3,International,0.989941895
Trump droht Iran · Stürzt das Regime？,4,International,0.9896059036
Trump droht Iran · Stürzt das Regime？,5,International,0.9994400144
Trump droht Iran · Stürzt das Regime？,6,International,0.9119702578
Trump droht Iran · Stürzt das Regime？,7,Defense,0.9619483352
Trump droht Iran · Stürzt das Regime？,8,International,0.9993826151
Trump droht Iran · Stürzt das Regime？,9,International,0.9993681312
Trump droht Iran · Stürzt das Regime？,10,International,0.9991157651
Trump droht Iran · Stürzt das Regime？,11,International,0.9990593791
Trump droht Iran · Stürzt das Regime？,12,International,0.9988858104
Trump droht Iran · Stürzt das Regime？,13,International,0.9992015958
Trump droht Iran · Stürzt das Regime？,14,International,0.9992554784
Trump droht Iran · Stürzt das Regime？,15,Technology,0.9887458682
Trump droht Iran · Stürzt das Regime？,16,International,0.9993224144
Trump droht Iran · Stürzt das Regime？,17,Government,0.5682745576
Trump spaltet die USA · Welchen Schaden nimmt die Demokratie？,0,Government,0.5500152707
Trump spaltet die USA · Welchen Schaden nimmt die Demokratie？,1,Civil,0.8133949637
Trump spaltet die USA · Welchen Schaden nimmt die Demokratie？,2,Government,0.9979823828
Trump spaltet die USA · Welchen Schaden nimmt die Demokratie？,3,Government,0.8038361073
Trump spaltet die USA · Welchen Schaden nimmt die Demokratie？,4,Government,0.7778673172
Trump spaltet die USA · Welchen Schaden nimmt die Demokratie？,5,Domestic,0.9919224977
Trump spaltet die USA · Welchen Schaden nimmt die Demokratie？,6,Macroeconomics,0.9502775073
Trump spaltet die USA · Welchen Schaden nimmt die Demokratie？,7,Government,0.9949093461
Trump spaltet die USA · Welchen Schaden nimmt die Demokratie？,8,Government,0.9993507266
Trump spaltet die USA · Welchen Schaden nimmt die Demokratie？,9,International,0.8882542253
Trump spaltet die USA · Welchen Schaden nimmt die Demokratie？,10,International,0.9890226126
Trump spaltet die USA · Welchen Schaden nimmt die Demokratie？,11,Technology,0.9227429032
Trump spaltet die USA · Welchen Schaden nimmt die Demokratie？,12,Domestic,0.9952164888
Trump spaltet die USA · Welchen Schaden nimmt die Demokratie？,13,Government,0.713987112
Trump spaltet die USA · Welchen Schaden nimmt die Demokratie？,14,Government,0.9545218349
Trump spaltet die USA · Welchen Schaden nimmt die Demokratie？,15,International,0.8523899913
Trump spaltet die USA · Welchen Schaden nimmt die Demokratie？,16,Government,0.638936758
Trump spaltet die USA · Welchen Schaden nimmt die Demokratie？,17,International,0.3907526433
Trump spaltet die USA · Welchen Schaden nimmt die Demokratie？,18,Civil,0.968244195
Trump spaltet die USA · Welchen Schaden nimmt die Demokratie？,19,Civil,0.9994982481
Trump spaltet die USA · Welchen Schaden nimmt die Demokratie？,20,International,0.9953349233
Trumps Griff nach Grönland · das Ende der NATO？,0,International,0.9990596175
Trumps Griff nach Grönland · das Ende der NATO？,1,Defense,0.9903906584
Trumps Griff nach Grönland · das Ende der NATO？,2,Defense,0.9987230897
Trumps Griff nach Grönland · das Ende der NATO？,3,International,0.9473016262
Trumps Griff nach Grönland · das Ende der NATO？,4,International,0.9970601201
Trumps Griff nach Grönland · das Ende der NATO？,5,Defense,0.6454461217
Trumps Griff nach Grönland · das Ende der NATO？,6,Defense,0.9855103493
Trumps Griff nach Grönland · das Ende der NATO？,7,International,0.7796231508
Trumps Griff nach Grönland · das Ende der NATO？,8,International,0.9544681907
Trumps Griff nach Grönland · das Ende der NATO？,9,Defense,0.9950158
Trumps Griff nach Grönland · das Ende der NATO？,10,International,0.9991378784
Trumps Griff nach Grönland · das Ende der NATO？,11,International,0.9750323296
Trumps Griff nach Grönland · das Ende der NATO？,12,Agriculture,0.7564355731
Trumps Griff nach Grönland · das Ende der NATO？,13,Law,0.998326242
Trumps Griff nach Grönland · das Ende der NATO？,14,International,0.9340445995
Trumps Griff nach Grönland · das Ende der NATO？,15,Government,0.6250277162
Trumps Griff nach Grönland · das Ende der NATO？,16,International,0.9967190623
Trumps Ukraine-Deal： Neue Hoffnung auf Frieden？,0,International,0.9959812164
Trumps Ukraine-Deal： Neue Hoffnung auf Frieden？,1,International,0.9727172852
Trumps Ukraine-Deal： Neue Hoffnung auf Frieden？,2,Defense,0.9986506104
Trumps Ukraine-Deal： Neue Hoffnung auf Frieden？,3,International,0.9983515739
Trumps Ukraine-Deal： Neue Hoffnung auf Frieden？,4,International,0.9994456172
Trumps Ukraine-Deal： Neue Hoffnung auf Frieden？,5,International,0.9895603657
Trumps Ukraine-Deal： Neue Hoffnung auf Frieden？,6,International,0.9972087741
Trumps Ukraine-Deal： Neue Hoffnung auf Frieden？,7,International,0.667714715
Trumps Ukraine-Deal： Neue Hoffnung auf Frieden？,8,International,0.9988210797
Trumps Ukraine-Deal： Neue Hoffnung auf Frieden？,9,International,0.9992050529
Trumps Ukraine-Deal： Neue Hoffnung auf Frieden？,10,International,0.552467227
Trumps Ukraine-Deal： Neue Hoffnung auf Frieden？,11,International,0.998932302
Trumps Ukraine-Deal： Neue Hoffnung auf Frieden？,12,International,0.9651206732
Trumps Ukraine-Deal： Neue Hoffnung auf Frieden？,13,Defense,0.8488064408
Trumps Ukraine-Deal： Neue Hoffnung auf Frieden？,14,International,0.5461002588
Trumps Ukraine-Deal： Neue Hoffnung auf Frieden？,15,Defense,0.9991605282
Trumps Ukraine-Deal： Neue Hoffnung auf Frieden？,16,International,0.9733371735
Trumps Ukraine-Deal： Neue Hoffnung auf Frieden？,17,International,0.9993236065
Trumps Ukraine-Deal： Neue Hoffnung auf Frieden？,18,Government,0.7184030414
Trumps Ukraine-Deal： Neue Hoffnung auf Frieden？,19,Defense,0.994946301
Trumps Ukraine-Deal： Neue Hoffnung auf Frieden？,20,Defense,0.9985198379
Trumps neue Sicherheitsstrategie · die nächste Zeitenwende für Europa？,0,International,0.9963092208
Trumps neue Sicherheitsstrategie · die nächste Zeitenwende für Europa？,1,International,0.9908025265
Trumps neue Sicherheitsstrategie · die nächste Zeitenwende für Europa？,2,International,0.9977770448
Trumps neue Sicherheitsstrategie · die nächste Zeitenwende für Europa？,3,Defense,0.7088019252
Trumps neue Sicherheitsstrategie · die nächste Zeitenwende für Europa？,4,International,0.999078989
Trumps neue Sicherheitsstrategie · die nächste Zeitenwende für Europa？,5,International,0.9991167188
Trumps neue Sicherheitsstrategie · die nächste Zeitenwende für Europa？,6,Defense,0.9863260984
Trumps neue Sicherheitsstrategie · die nächste Zeitenwende für Europa？,7,International,0.5944212079
Trumps neue Sicherheitsstrategie · die nächste Zeitenwende für Europa？,8,International,0.9988973141
Trumps neue Sicherheitsstrategie · die nächste Zeitenwende für Europa？,9,Defense,0.5175106525
Trumps neue Sicherheitsstrategie · die nächste Zeitenwende für Europa？,10,Defense,0.9851723909
Trumps neue Sicherheitsstrategie · die nächste Zeitenwende für Europa？,11,Defense,0.9992803931
Trumps neue Sicherheitsstrategie · die nächste Zeitenwende für Europa？,12,Defense,0.9984647036
Trumps neue Sicherheitsstrategie · die nächste Zeitenwende für Europa？,13,Defense,0.9946801066
Trumps neue Sicherheitsstrategie · die nächste Zeitenwende für Europa？,14,Defense,0.999343574
Trumps neue Sicherheitsstrategie · die nächste Zeitenwende für Europa？,15,International,0.9931372404
Trumps neue Sicherheitsstrategie · die nächste Zeitenwende für Europa？,16,International,0.9955672622
Trumps neue Sicherheitsstrategie · die nächste Zeitenwende für Europa？,17,Civil,0.8282222152
Trumps neue Sicherheitsstrategie · die nächste Zeitenwende für Europa？,18,Civil,0.9943641424
Trumps neue Sicherheitsstrategie · die nächste Zeitenwende für Europa？,19,Civil,0.9958003163
Trumps neue Sicherheitsstrategie · die nächste Zeitenwende für Europa？,20,International,0.9955596924
Trumps neue Sicherheitsstrategie · die nächste Zeitenwende für Europa？,21,International,0.9635177255
Vertrauenskrise und Empörungskultur · Haben wir den Kompromiss verlernt？,0,Government,0.9409726262
Vertrauenskrise und Empörungskultur · Haben wir den Kompromiss verlernt？,1,Government,0.9978651404
Vertrauenskrise und Empörungskultur · Haben wir den Kompromiss verlernt？,2,Social,0.9982728958
Vertrauenskrise und Empörungskultur · Haben wir den Kompromiss verlernt？,3,Social,0.9980948567
Vertrauenskrise und Empörungskultur · Haben wir den Kompromiss verlernt？,4,Government,0.9988017082
Vertrauenskrise und Empörungskultur · Haben wir den Kompromiss verlernt？,5,Government,0.9976065159
Vertrauenskrise und Empörungskultur · Haben wir den Kompromiss verlernt？,6,Government,0.9990288019
Vertrauenskrise und Empörungskultur · Haben wir den Kompromiss verlernt？,7,Government,0.9916939139
Vertrauenskrise und Empörungskultur · Haben wir den Kompromiss verlernt？,8,Government,0.970084548
Vertrauenskrise und Empörungskultur · Haben wir den Kompromiss verlernt？,9,Civil,0.9908235073
Vertrauenskrise und Empörungskultur · Haben wir den Kompromiss verlernt？,10,Government,0.9151176214
Vertrauenskrise und Empörungskultur · Haben wir den Kompromiss verlernt？,11,Civil,0.9994390607
Vertrauenskrise und Empörungskultur · Haben wir den Kompromiss verlernt？,12,Civil,0.9989739656
Vertrauenskrise und Empörungskultur · Haben wir den Kompromiss verlernt？,13,Civil,0.6169009209
Vertrauenskrise und Empörungskultur · Haben wir den Kompromiss verlernt？,14,Civil,0.9941164255
Vertrauenskrise und Empörungskultur · Haben wir den Kompromiss verlernt？,15,Technology,0.9884706736
Vertrauenskrise und Empörungskultur · Haben wir den Kompromiss verlernt？,16,Technology,0.999161005
Vertrauenskrise und Empörungskultur · Haben wir den Kompromiss verlernt？,17,Government,0.9515455961
Vertrauenskrise und Empörungskultur · Haben wir den Kompromiss verlernt？,18,Technology,0.9990105629
"Wann sind wir kriegstüchtig, Herr Pistorius？",0,Defense,0.9987530708
"Wann sind wir kriegstüchtig, Herr Pistorius？",1,International,0.9978177547
"Wann sind wir kriegstüchtig, Herr Pistorius？",2,International,0.9993644357
"Wann sind wir kriegstüchtig, Herr Pistorius？",3,International,0.9992765784
"Wann sind wir kriegstüchtig, Herr Pistorius？",4,Defense,0.9995177984
"Wann sind wir kriegstüchtig, Herr Pistorius？",5,Defense,0.9986675978
"Wann sind wir kriegstüchtig, Herr Pistorius？",6,Defense,0.9974242449
"Wann sind wir kriegstüchtig, Herr Pistorius？",7,Defense,0.9988885522
"Wann sind wir kriegstüchtig, Herr Pistorius？",8,Defense,0.9994538426
"Wann sind wir kriegstüchtig, Herr Pistorius？",9,Defense,0.9942752719
"Wann sind wir kriegstüchtig, Herr Pistorius？",10,Government,0.9969810843
"Wann sind wir kriegstüchtig, Herr Pistorius？",11,Government,0.98940593
"Wann sind wir kriegstüchtig, Herr Pistorius？",12,International,0.9992263317
"Wann sind wir kriegstüchtig, Herr Pistorius？",13,Defense,0.9993376136
"Wann sind wir kriegstüchtig, Herr Pistorius？",14,Defense,0.9993878603
"Wann sind wir kriegstüchtig, Herr Pistorius？",15,International,0.9984645844
"Wann sind wir kriegstüchtig, Herr Pistorius？",16,International,0.7210384607
"Wann sind wir kriegstüchtig, Herr Pistorius？",17,Defense,0.8413376212
"Wann sind wir kriegstüchtig, Herr Pistorius？",18,Defense,0.9955769777
"Wann sind wir kriegstüchtig, Herr Pistorius？",19,International,0.739012599
"Wann sind wir kriegstüchtig, Herr Pistorius？",20,Defense,0.9995038509
"Wann sind wir kriegstüchtig, Herr Pistorius？",21,Defense,0.9923723936
"Was kostet uns der Aufschwung, Herr Klingbeil？",0,International,0.9988178611
"Was kostet uns der Aufschwung, Herr Klingbeil？",1,International,0.9992941618
"Was kostet uns der Aufschwung, Herr Klingbeil？",2,International,0.9990953207
"Was kostet uns der Aufschwung, Herr Klingbeil？",3,International,0.9994864464
"Was kostet uns der Aufschwung, Herr Klingbeil？",4,International,0.9987199306
"Was kostet uns der Aufschwung, Herr Klingbeil？",5,Government,0.910671711
"Was kostet uns der Aufschwung, Herr Klingbeil？",6,Government,0.9857126474
"Was kostet uns der Aufschwung, Herr Klingbeil？",7,Government,0.996340394
"Was kostet uns der Aufschwung, Herr Klingbeil？",8,Government,0.9939140677
"Was kostet uns der Aufschwung, Herr Klingbeil？",9,Government,0.9985247254
"Was kostet uns der Aufschwung, Herr Klingbeil？",10,Government,0.9789094329
"Was kostet uns der Aufschwung, Herr Klingbeil？",11,Government,0.9965558052
"Was kostet uns der Aufschwung, Herr Klingbeil？",12,Government,0.9994066954
"Was kostet uns der Aufschwung, Herr Klingbeil？",13,Government,0.9995606542
"Was kostet uns der Aufschwung, Herr Klingbeil？",14,Government,0.9995538592
"Was kostet uns der Aufschwung, Herr Klingbeil？",15,Government,0.8869287968
"Was kostet uns der Aufschwung, Herr Klingbeil？",16,Agriculture,0.9948003292
"Was kostet uns der Aufschwung, Herr Klingbeil？",17,Social,0.9237076044
"Was kostet uns der Aufschwung, Herr Klingbeil？",18,Government,0.9653638005
"Was kostet uns der Aufschwung, Herr Klingbeil？",19,Macroeconomics,0.9944592714
"Was kostet uns der Aufschwung, Herr Klingbeil？",20,Macroeconomics,0.7968484163
"Was kostet uns der Aufschwung, Herr Klingbeil？",21,Social,0.9979715943
"Was kostet uns der Aufschwung, Herr Klingbeil？",22,Social,0.9973270893
"Was kostet uns der Aufschwung, Herr Klingbeil？",23,Government,0.9323205352
"Was kostet uns der Aufschwung, Herr Klingbeil？",24,Government,0.9866361022
"Wie will die neue Regierung Vertrauen gewinnen, Herr Frei？",0,International,0.996340692
"Wie will die neue Regierung Vertrauen gewinnen, Herr Frei？",1,International,0.9977321625
"Wie will die neue Regierung Vertrauen gewinnen, Herr Frei？",2,International,0.9965564013
"Wie will die neue Regierung Vertrauen gewinnen, Herr Frei？",3,Government,0.9992908239
"Wie will die neue Regierung Vertrauen gewinnen, Herr Frei？",4,Government,0.6458697319
"Wie will die neue Regierung Vertrauen gewinnen, Herr Frei？",5,Government,0.9989529848
"Wie will die neue Regierung Vertrauen gewinnen, Herr Frei？",6,Macroeconomics,0.9984791875
"Wie will die neue Regierung Vertrauen gewinnen, Herr Frei？",7,Government,0.9980399013
"Wie will die neue Regierung Vertrauen gewinnen, Herr Frei？",8,Immigration,0.9973995686
"Wie will die neue Regierung Vertrauen gewinnen, Herr Frei？",9,Government,0.626075983
"Wie will die neue Regierung Vertrauen gewinnen, Herr Frei？",10,Government,0.9861338735
"Wie will die neue Regierung Vertrauen gewinnen, Herr Frei？",11,Immigration,0.9865517616
"Wie will die neue Regierung Vertrauen gewinnen, Herr Frei？",12,Immigration,0.9979513288
"Wie will die neue Regierung Vertrauen gewinnen, Herr Frei？",13,Immigration,0.9919734001
"Wie will die neue Regierung Vertrauen gewinnen, Herr Frei？",14,International,0.8095660806
"Wie will die neue Regierung Vertrauen gewinnen, Herr Frei？",15,Government,0.6777958274
"Wie will die neue Regierung Vertrauen gewinnen, Herr Frei？",16,International,0.9888888001
"Wie will die neue Regierung Vertrauen gewinnen, Herr Frei？",17,Government,0.9957096577
"Wie will die neue Regierung Vertrauen gewinnen, Herr Frei？",18,Government,0.9741463661
"Wie will die neue Regierung Vertrauen gewinnen, Herr Frei？",19,Macroeconomics,0.9955617189
"Wie will die neue Regierung Vertrauen gewinnen, Herr Frei？",20,Government,0.9994487166
"Wie will die neue Regierung Vertrauen gewinnen, Herr Frei？",21,Macroeconomics,0.5792005062
"Wo bleibt der Ruck für Reformen, Herr Bundeskanzler？",0,Defense,0.9993181229
"Wo bleibt der Ruck für Reformen, Herr Bundeskanzler？",1,Defense,0.9934385419
"Wo bleibt der Ruck für Reformen, Herr Bundeskanzler？",2,Defense,0.684627533
"Wo bleibt der Ruck für Reformen, Herr Bundeskanzler？",3,Defense,0.7167550921
"Wo bleibt der Ruck für Reformen, Herr Bundeskanzler？",4,Defense,0.9990733862
"Wo bleibt der Ruck für Reformen, Herr Bundeskanzler？",5,Defense,0.9455999136
"Wo bleibt der Ruck für Reformen, Herr Bundeskanzler？",6,Macroeconomics,0.9780463576
"Wo bleibt der Ruck für Reformen, Herr Bundeskanzler？",7,Government,0.9938854575
"Wo bleibt der Ruck für Reformen, Herr Bundeskanzler？",8,Government,0.9990103245
"Wo bleibt der Ruck für Reformen, Herr Bundeskanzler？",9,Government,0.556442678
"Wo bleibt der Ruck für Reformen, Herr Bundeskanzler？",10,Immigration,0.9591534138
"Wo bleibt der Ruck für Reformen, Herr Bundeskanzler？",11,Macroeconomics,0.8845637441
"Wo bleibt der Ruck für Reformen, Herr Bundeskanzler？",12,Labor,0.6101956367
"Wo bleibt der Ruck für Reformen, Herr Bundeskanzler？",13,Social,0.8504678011
"Wo bleibt der Ruck für Reformen, Herr Bundeskanzler？",14,Social,0.957290113
"Wo bleibt der Ruck für Reformen, Herr Bundeskanzler？",15,Social,0.9979652166
"Wo bleibt der Ruck für Reformen, Herr Bundeskanzler？",16,Macroeconomics,0.9289432168
"Wo bleibt der Ruck für Reformen, Herr Bundeskanzler？",17,Social,0.9947413206
"Wo bleibt der Ruck für Reformen, Herr Bundeskanzler？",18,Government,0.9752942324
"Wo bleibt der Ruck für Reformen, Herr Bundeskanzler？",19,Technology,0.8138939738
"Wo bleibt der Ruck für Reformen, Herr Bundeskanzler？",20,Civil,0.966219902
"Wo bleibt der Ruck für Reformen, Herr Bundeskanzler？",21,Government,0.577952981
"Wo bleibt der Ruck für Reformen, Herr Bundeskanzler？",22,Civil,0.9986279011
"Wo bleibt der Ruck für Reformen, Herr Bundeskanzler？",23,International,0.9993563294
"Wo bleibt der Ruck für Reformen, Herr Bundeskanzler？",24,International,0.9994342923
Wohin führt die Eskalation zwischen Israel und dem Iran？,0,International,0.9761091471
Wohin führt die Eskalation zwischen Israel und dem Iran？,1,International,0.9995181561
Wohin führt die Eskalation zwischen Israel und dem Iran？,2,International,0.9986726046
Wohin führt die Eskalation zwischen Israel und dem Iran？,3,Defense,0.9984588623
Wohin führt die Eskalation zwischen Israel und dem Iran？,4,International,0.9994058609
Wohin führt die Eskalation zwischen Israel und dem Iran？,5,International,0.9974864721
Wohin führt die Eskalation zwischen Israel und dem Iran？,6,Defense,0.9992312193
Wohin führt die Eskalation zwischen Israel und dem Iran？,7,Defense,0.9991101623
Wohin führt die Eskalation zwischen Israel und dem Iran？,8,International,0.9994401336
Wohin führt die Eskalation zwischen Israel und dem Iran？,9,International,0.9519804716
Wohin führt die Eskalation zwischen Israel und dem Iran？,10,International,0.9994326234
Wohin führt die Eskalation zwischen Israel und dem Iran？,11,International,0.5891377926
Wohin führt die Eskalation zwischen Israel und dem Iran？,12,Defense,0.9519896507
Wohin führt die Eskalation zwischen Israel und dem Iran？,13,Defense,0.9889087081
Wohin führt die Eskalation zwischen Israel und dem Iran？,14,Defense,0.9984264374
Wohin führt die Eskalation zwischen Israel und dem Iran？,15,Defense,0.999519825
Wohin führt die Eskalation zwischen Israel und dem Iran？,16,International,0.4970897436
